{
  "model_name": "git-base",
  "mode": "vision+text",
  "num_images": 5,
  "num_tokens_per_image": 20,
  "avg_greedy_match": 0.464102566242218,
  "avg_teacher_forced_match": 0.9512820512820512,
  "per_image_greedy": [
    0.1538461595773697,
    1.0,
    1.0,
    0.0833333358168602,
    0.0833333358168602
  ],
  "per_image_tf": [
    0.9230769230769231,
    1.0,
    1.0,
    0.9166666666666666,
    0.9166666666666666
  ],
  "passed": true
}