{
  "model": "Zyphra/ZAYA1-base",
  "model_params": "8.84B total (800M active MoE)",
  "dtype": "bfloat16",
  "max_new_tokens": 50,
  "warmup_runs": 3,
  "benchmark_runs": 10,
  "load_time_s": 4.8,
  "gpu_info": {
    "gpu_name": "NVIDIA A10G",
    "gpu_memory_gb": 23.7,
    "instance_type": "unknown",
    "gpu_count": 1
  },
  "pytorch_version": "2.9.1+cu130",
  "cuda_version": "13.0",
  "neuron_reference": {
    "instance": "trn2.3xlarge",
    "tp": 2,
    "batch_1": {
      "tok_s": 22.3,
      "ms_per_tok": 44.8,
      "ttft_ms": 75.6
    },
    "batch_4": {
      "tok_s": 86.3,
      "ms_per_tok": 11.59
    },
    "vllm_conc4": {
      "tok_s": 72.3
    }
  },
  "benchmarks": {
    "eager": {
      "bs1": {
        "batch_size": 1,
        "mode": "eager",
        "runs": 60,
        "ttft_avg_ms": 184.7461254166755,
        "ttft_p50_ms": 184.12518899992847,
        "ttft_p99_ms": 199.71049999981005,
        "tkg_avg_ms": 161.64834924421788,
        "tkg_p50_ms": 161.29034218367303,
        "tkg_p99_ms": 166.38341855102172,
        "per_sample_tok_s_avg": 6.1865502432623165,
        "per_sample_tok_s_p50": 6.200132172443786,
        "batch_tok_s_avg": 6.1865502432623165,
        "batch_tok_s_p50": 6.200132172443786,
        "gpu_mem_allocated_gb": 17.69,
        "gpu_mem_peak_gb": 18.76,
        "neuron_batch_tok_s": 22.3,
        "gpu_vs_neuron_ratio": 0.28
      },
      "bs2": {
        "batch_size": 2,
        "mode": "eager",
        "runs": 60,
        "ttft_avg_ms": 187.02572368334054,
        "ttft_p50_ms": 185.53724299999885,
        "ttft_p99_ms": 201.51249000014104,
        "tkg_avg_ms": 166.5689299850339,
        "tkg_p50_ms": 166.03513553061057,
        "tkg_p99_ms": 172.33087461224332,
        "per_sample_tok_s_avg": 6.003995012239702,
        "per_sample_tok_s_p50": 6.023458948963023,
        "batch_tok_s_avg": 12.007990024479405,
        "batch_tok_s_p50": 12.046917897926045,
        "gpu_mem_allocated_gb": 17.69,
        "gpu_mem_peak_gb": 18.76
      },
      "bs4": {
        "batch_size": 4,
        "mode": "eager",
        "runs": 60,
        "ttft_avg_ms": 187.52252656668134,
        "ttft_p50_ms": 186.2777959995583,
        "ttft_p99_ms": 202.22690599985071,
        "tkg_avg_ms": 167.14305945884362,
        "tkg_p50_ms": 166.7556171836697,
        "tkg_p99_ms": 171.70794269388205,
        "per_sample_tok_s_avg": 5.983334947868832,
        "per_sample_tok_s_p50": 5.996927963258567,
        "batch_tok_s_avg": 23.933339791475326,
        "batch_tok_s_p50": 23.987711853034266,
        "gpu_mem_allocated_gb": 17.69,
        "gpu_mem_peak_gb": 18.76,
        "neuron_batch_tok_s": 86.3,
        "gpu_vs_neuron_ratio": 0.28
      }
    },
    "compile_reduce-overhead": {
      "bs1": {
        "batch_size": 1,
        "mode": "compile_reduce-overhead",
        "runs": 60,
        "ttft_avg_ms": 184.98388473333307,
        "ttft_p50_ms": 184.30902499994772,
        "ttft_p99_ms": 193.49981699997443,
        "tkg_avg_ms": 162.4864137394557,
        "tkg_p50_ms": 162.22298871429192,
        "tkg_p99_ms": 168.79354581632634,
        "per_sample_tok_s_avg": 6.1548282735357605,
        "per_sample_tok_s_p50": 6.1652460278557735,
        "batch_tok_s_avg": 6.1548282735357605,
        "batch_tok_s_p50": 6.1652460278557735,
        "gpu_mem_allocated_gb": 17.69,
        "gpu_mem_peak_gb": 18.76,
        "neuron_batch_tok_s": 22.3,
        "gpu_vs_neuron_ratio": 0.28
      },
      "bs2": {
        "batch_size": 2,
        "mode": "compile_reduce-overhead",
        "runs": 60,
        "ttft_avg_ms": 186.30371185001118,
        "ttft_p50_ms": 185.66570099983437,
        "ttft_p99_ms": 195.07901699989816,
        "tkg_avg_ms": 166.75953150748222,
        "tkg_p50_ms": 166.15353326531067,
        "tkg_p99_ms": 172.5961572653098,
        "per_sample_tok_s_avg": 5.997216912359177,
        "per_sample_tok_s_p50": 6.019519365473856,
        "batch_tok_s_avg": 11.994433824718355,
        "batch_tok_s_p50": 12.039038730947713,
        "gpu_mem_allocated_gb": 17.69,
        "gpu_mem_peak_gb": 18.76
      },
      "bs4": {
        "batch_size": 4,
        "mode": "compile_reduce-overhead",
        "runs": 60,
        "ttft_avg_ms": 187.33769899995423,
        "ttft_p50_ms": 186.19560900060605,
        "ttft_p99_ms": 199.804098999266,
        "tkg_avg_ms": 166.99830624013848,
        "tkg_p50_ms": 166.59194085712778,
        "tkg_p99_ms": 171.95804710205934,
        "per_sample_tok_s_avg": 5.988401580122903,
        "per_sample_tok_s_p50": 6.003142236746913,
        "batch_tok_s_avg": 23.953606320491613,
        "batch_tok_s_p50": 24.012568946987653,
        "gpu_mem_allocated_gb": 17.69,
        "gpu_mem_peak_gb": 18.76,
        "neuron_batch_tok_s": 86.3,
        "gpu_vs_neuron_ratio": 0.28
      }
    },
    "compile_max-autotune": {
      "bs1": {
        "batch_size": 1,
        "mode": "compile_max-autotune",
        "runs": 60,
        "ttft_avg_ms": 184.65838325003764,
        "ttft_p50_ms": 184.5484369996484,
        "ttft_p99_ms": 196.4602370007924,
        "tkg_avg_ms": 162.00538190748227,
        "tkg_p50_ms": 161.84547779593396,
        "tkg_p99_ms": 164.31287373468098,
        "per_sample_tok_s_avg": 6.172742135034846,
        "per_sample_tok_s_p50": 6.178809738660488,
        "batch_tok_s_avg": 6.172742135034846,
        "batch_tok_s_p50": 6.178809738660488,
        "gpu_mem_allocated_gb": 17.69,
        "gpu_mem_peak_gb": 18.76,
        "neuron_batch_tok_s": 22.3,
        "gpu_vs_neuron_ratio": 0.28
      },
      "bs2": {
        "batch_size": 2,
        "mode": "compile_max-autotune",
        "runs": 60,
        "ttft_avg_ms": 186.88013596670316,
        "ttft_p50_ms": 186.45962600021448,
        "ttft_p99_ms": 193.15486399955262,
        "tkg_avg_ms": 166.42455309115545,
        "tkg_p50_ms": 166.3887988163192,
        "tkg_p99_ms": 168.21007004082088,
        "per_sample_tok_s_avg": 6.008805784349145,
        "per_sample_tok_s_p50": 6.013132931683549,
        "batch_tok_s_avg": 12.01761156869829,
        "batch_tok_s_p50": 12.026265863367097,
        "gpu_mem_allocated_gb": 17.69,
        "gpu_mem_peak_gb": 18.76
      },
      "bs4": {
        "batch_size": 4,
        "mode": "compile_max-autotune",
        "runs": 60,
        "ttft_avg_ms": 187.11671548336804,
        "ttft_p50_ms": 186.45415399987542,
        "ttft_p99_ms": 198.44431099954818,
        "tkg_avg_ms": 167.1716260285684,
        "tkg_p50_ms": 166.9568294285696,
        "tkg_p99_ms": 173.87236216324467,
        "per_sample_tok_s_avg": 5.982242277763638,
        "per_sample_tok_s_p50": 5.990654070322514,
        "batch_tok_s_avg": 23.928969111054553,
        "batch_tok_s_p50": 23.962616281290057,
        "gpu_mem_allocated_gb": 17.69,
        "gpu_mem_peak_gb": 18.76,
        "neuron_batch_tok_s": 86.3,
        "gpu_vs_neuron_ratio": 0.28
      }
    }
  }
}