{
  "metadata": {
    "model": "/home/ubuntu/models/InternVL3-8B-Instruct",
    "gpu": "NVIDIA L40S",
    "vram_gb": 44.39215087890625,
    "dtype": "bfloat16",
    "torch_compile": false,
    "flash_attention_2": false,
    "llm_only": true,
    "attn_implementation": "sdpa",
    "load_time_s": 3.0221697830002086,
    "torch_version": "2.11.0+cu130",
    "cuda_version": "13.0"
  },
  "results": {
    "short-short_bs1": {
      "ttft_ms": {
        "p50": 30.74279850034145,
        "p95": 31.48099169957277,
        "p99": 31.76208473953011
      },
      "output_tps": {
        "p50": 42.30778138863015,
        "p95": 42.379636837129674,
        "p99": 42.386728257586434
      },
      "total_tps": 42.30778138863015,
      "e2e_ms": {
        "p50": 3032.5547570005256,
        "p95": 3040.9743047998745,
        "p99": 3044.5176537598854
      },
      "num_output_tokens": 128,
      "num_input_tokens": 128,
      "batch_size": 1,
      "peak_gpu_mem_mb": 14620.37255859375
    },
    "short-short_bs2": {
      "ttft_ms": {
        "p50": 36.89017650003734,
        "p95": 37.75985954985117,
        "p99": 37.991001509772104
      },
      "output_tps": {
        "p50": 38.85500399432938,
        "p95": 38.99119990638746,
        "p99": 38.99583190830265
      },
      "total_tps": 77.71000798865876,
      "e2e_ms": {
        "p50": 3305.453021500398,
        "p95": 3312.4970062505326,
        "p99": 3312.869482050455
      },
      "num_output_tokens": 128,
      "num_input_tokens": 128,
      "batch_size": 2,
      "peak_gpu_mem_mb": 14647.81396484375
    },
    "short-short_bs4": {
      "ttft_ms": {
        "p50": 52.477689999705035,
        "p95": 53.20549865009525,
        "p99": 53.2738997301567
      },
      "output_tps": {
        "p50": 39.93607824520085,
        "p95": 40.038246950166084,
        "p99": 40.03862530090416
      },
      "total_tps": 159.7443129808034,
      "e2e_ms": {
        "p50": 3232.559605000006,
        "p95": 3242.2205611002482,
        "p99": 3243.2934482203837
      },
      "num_output_tokens": 128,
      "num_input_tokens": 128,
      "batch_size": 4,
      "peak_gpu_mem_mb": 14693.69677734375
    },
    "short-short_bs8": {
      "ttft_ms": {
        "p50": 94.34561149964793,
        "p95": 95.62430669930109,
        "p99": 95.90465813924311
      },
      "output_tps": {
        "p50": 40.38092376775974,
        "p95": 40.66735596958788,
        "p99": 40.6812387376469
      },
      "total_tps": 323.0473901420779,
      "e2e_ms": {
        "p50": 3239.4082569999227,
        "p95": 3251.798099450207,
        "p99": 3252.7435670900377
      },
      "num_output_tokens": 128,
      "num_input_tokens": 128,
      "batch_size": 8,
      "peak_gpu_mem_mb": 14794.46240234375
    },
    "short-long_bs1": {
      "ttft_ms": {
        "p50": 30.909600000086357,
        "p95": 31.91501929986771,
        "p99": 32.45438785977967
      },
      "output_tps": {
        "p50": 41.619623214111066,
        "p95": 42.26447092515339,
        "p99": 42.29319360793472
      },
      "total_tps": 41.619623214111066,
      "e2e_ms": {
        "p50": 12308.809939499952,
        "p95": 12375.742051450607,
        "p99": 12377.803886290776
      },
      "num_output_tokens": 512,
      "num_input_tokens": 128,
      "batch_size": 1,
      "peak_gpu_mem_mb": 14632.34765625
    },
    "short-long_bs2": {
      "ttft_ms": {
        "p50": 36.9804510000904,
        "p95": 37.11390899984508,
        "p99": 37.11395219971564
      },
      "output_tps": {
        "p50": 40.47054818555414,
        "p95": 40.57791756183197,
        "p99": 40.5790470427784
      },
      "total_tps": 80.94109637110827,
      "e2e_ms": {
        "p50": 12663.446808499884,
        "p95": 12837.0766125498,
        "p99": 12840.898869710118
      },
      "num_output_tokens": 512,
      "num_input_tokens": 128,
      "batch_size": 2,
      "peak_gpu_mem_mb": 14682.888671875
    },
    "short-long_bs4": {
      "ttft_ms": {
        "p50": 54.544400999930076,
        "p95": 55.010928550018434,
        "p99": 55.030793709647696
      },
      "output_tps": {
        "p50": 38.93960190731574,
        "p95": 38.988901332053985,
        "p99": 38.99245982780393
      },
      "total_tps": 155.75840762926296,
      "e2e_ms": {
        "p50": 13177.43278350008,
        "p95": 13214.839803450468,
        "p99": 13227.184851090515
      },
      "num_output_tokens": 512,
      "num_input_tokens": 128,
      "batch_size": 4,
      "peak_gpu_mem_mb": 14743.64599609375
    },
    "short-long_bs8": {
      "ttft_ms": {
        "p50": 95.25800050005273,
        "p95": 96.70880335024776,
        "p99": 97.0619550702213
      },
      "output_tps": {
        "p50": 38.84570474053821,
        "p95": 39.06611881953545,
        "p99": 39.08596705508407
      },
      "total_tps": 310.7656379243057,
      "e2e_ms": {
        "p50": 13249.875117000101,
        "p95": 13316.404957699979,
        "p99": 13330.64420834
      },
      "num_output_tokens": 512,
      "num_input_tokens": 128,
      "batch_size": 8,
      "peak_gpu_mem_mb": 14888.17529296875
    },
    "long-short_bs1": {
      "ttft_ms": {
        "p50": 153.5174064997591,
        "p95": 154.7932400996615,
        "p99": 154.80517121954108
      },
      "output_tps": {
        "p50": 40.53025139830835,
        "p95": 40.58484314562401,
        "p99": 40.590673978318726
      },
      "total_tps": 40.53025139830835,
      "e2e_ms": {
        "p50": 3286.9802619998154,
        "p95": 3300.1087782500235,
        "p99": 3302.5685340499967
      },
      "num_output_tokens": 128,
      "num_input_tokens": 2048,
      "batch_size": 1,
      "peak_gpu_mem_mb": 14992.86865234375
    },
    "long-short_bs2": {
      "ttft_ms": {
        "p50": 302.34673349968944,
        "p95": 303.66068200032714,
        "p99": 303.66209320013695
      },
      "output_tps": {
        "p50": 39.728571284136216,
        "p95": 39.78733084601901,
        "p99": 39.7913037090361
      },
      "total_tps": 79.45714256827243,
      "e2e_ms": {
        "p50": 3499.0388960004566,
        "p95": 3507.1851427002002,
        "p99": 3507.734680539961
      },
      "num_output_tokens": 128,
      "num_input_tokens": 2048,
      "batch_size": 2,
      "peak_gpu_mem_mb": 15378.43115234375
    },
    "long-short_bs4": {
      "ttft_ms": {
        "p50": 650.9154179998404,
        "p95": 656.7162365998684,
        "p99": 657.8119801202502
      },
      "output_tps": {
        "p50": 38.51483203549644,
        "p95": 38.558916731545736,
        "p99": 38.56685707019547
      },
      "total_tps": 154.05932814198576,
      "e2e_ms": {
        "p50": 3948.346405999928,
        "p95": 3952.6882943496275,
        "p99": 3953.0145756695674
      },
      "num_output_tokens": 128,
      "num_input_tokens": 2048,
      "batch_size": 4,
      "peak_gpu_mem_mb": 16161.55615234375
    },
    "long-short_bs8": {
      "ttft_ms": {
        "p50": 1320.8750485000564,
        "p95": 1339.1258676504094,
        "p99": 1340.368192730466
      },
      "output_tps": {
        "p50": 36.06295936198886,
        "p95": 36.14949760831809,
        "p99": 36.15333958816673
      },
      "total_tps": 288.5036748959109,
      "e2e_ms": {
        "p50": 4842.49440900021,
        "p95": 4848.218032050045,
        "p99": 4848.652426410317
      },
      "num_output_tokens": 128,
      "num_input_tokens": 2048,
      "batch_size": 8,
      "peak_gpu_mem_mb": 17724.80615234375
    },
    "long-long_bs1": {
      "ttft_ms": {
        "p50": 160.33866150019094,
        "p95": 166.07691539979896,
        "p99": 168.71254307975505
      },
      "output_tps": {
        "p50": 42.23309606359,
        "p95": 42.30755131546222,
        "p99": 42.30923809368367
      },
      "total_tps": 42.23309606359,
      "e2e_ms": {
        "p50": 12259.857311499673,
        "p95": 12473.311311049429,
        "p99": 12478.515446209485
      },
      "num_output_tokens": 512,
      "num_input_tokens": 2048,