{
  "metadata": {
    "model": "/home/ubuntu/models/InternVL3-8B-Instruct",
    "gpu": "NVIDIA L40S",
    "vram_gb": 44.39215087890625,
    "dtype": "bfloat16",
    "torch_compile": false,
    "flash_attention_2": false,
    "attn_implementation": "eager",
    "load_time_s": 2.7835791559999734,
    "torch_version": "2.11.0+cu130",
    "cuda_version": "13.0"
  },
  "results": {
    "short-short_bs1": {
      "ttft_ms": {
        "p50": 32.354057999953056,
        "p95": 33.15108340003121,
        "p99": 33.32482948002621
      },
      "output_tps": {
        "p50": 35.77090147724594,
        "p95": 35.82600723018595,
        "p99": 35.83171407477799
      },
      "total_tps": 35.77090147724594,
      "e2e_ms": {
        "p50": 3582.725865000043,
        "p95": 3590.407341399998,
        "p99": 3591.927379479987
      },
      "num_output_tokens": 128,
      "num_input_tokens": 128,
      "batch_size": 1,
      "peak_gpu_mem_mb": 15187.84716796875
    },
    "short-short_bs2": {
      "ttft_ms": {
        "p50": 36.637766500007274,
        "p95": 36.82605119992104,
        "p99": 36.908319839928936
      },
      "output_tps": {
        "p50": 34.5048784058082,
        "p95": 34.542452965086376,
        "p99": 34.544448535694606
      },
      "total_tps": 69.0097568116164,
      "e2e_ms": {
        "p50": 3717.2767779999845,
        "p95": 3725.8738193000227,
        "p99": 3726.8450942599975
      },
      "num_output_tokens": 128,
      "num_input_tokens": 128,
      "batch_size": 2,
      "peak_gpu_mem_mb": 15213.19482421875
    },
    "short-short_bs4": {
      "ttft_ms": {
        "p50": 49.34426150003901,
        "p95": 49.5032485500019,
        "p99": 49.514977709970935
      },
      "output_tps": {
        "p50": 34.43159631420792,
        "p95": 34.55469835232628,
        "p99": 34.566173877666714
      },
      "total_tps": 137.7263852568317,
      "e2e_ms": {
        "p50": 3737.816877,
        "p95": 3746.363267700036,
        "p99": 3750.962503140014
      },
      "num_output_tokens": 128,
      "num_input_tokens": 128,
      "batch_size": 4,
      "peak_gpu_mem_mb": 15263.89013671875
    },
    "short-short_bs8": {
      "ttft_ms": {
        "p50": 85.9266380000463,
        "p95": 86.55312020001702,
        "p99": 86.62800883998216
      },
      "output_tps": {
        "p50": 34.63620634453231,
        "p95": 34.716941318185604,
        "p99": 34.722339530463024
      },
      "total_tps": 277.0896507562585,
      "e2e_ms": {
        "p50": 3752.609955999901,
        "p95": 3758.9112740999326,
        "p99": 3759.18464441987
      },
      "num_output_tokens": 128,
      "num_input_tokens": 128,
      "batch_size": 8,
      "peak_gpu_mem_mb": 15368.28076171875
    },
    "short-long_bs1": {
      "ttft_ms": {
        "p50": 32.18330999993668,
        "p95": 32.39394204996415,
        "p99": 32.40653161000182
      },
      "output_tps": {
        "p50": 35.72113986323237,
        "p95": 35.777438029608504,
        "p99": 35.785452946858314
      },
      "total_tps": 35.72113986323237,
      "e2e_ms": {
        "p50": 14337.438011000017,
        "p95": 14350.85827805009,
        "p99": 14351.982720410077
      },
      "num_output_tokens": 512,
      "num_input_tokens": 128,
      "batch_size": 1,
      "peak_gpu_mem_mb": 15206.97998046875
    },
    "short-long_bs2": {
      "ttft_ms": {
        "p50": 37.005864000093425,
        "p95": 37.88415374997385,
        "p99": 38.18396354991819
      },
      "output_tps": {
        "p50": 34.43897257983457,
        "p95": 34.48666508664127,
        "p99": 34.49894384968646
      },
      "total_tps": 68.87794515966914,
      "e2e_ms": {
        "p50": 14874.846941000102,
        "p95": 14905.762557699903,
        "p99": 14908.412011539836
      },
      "num_output_tokens": 512,
      "num_input_tokens": 128,
      "batch_size": 2,
      "peak_gpu_mem_mb": 15255.763671875
    },
    "short-long_bs4": {
      "ttft_ms": {
        "p50": 51.75586450002356,
        "p95": 52.29615260000173,
        "p99": 52.350610520015834
      },
      "output_tps": {
        "p50": 34.47769264465441,
        "p95": 34.500958325467394,
        "p99": 34.50363864660217
      },
      "total_tps": 137.91077057861764,
      "e2e_ms": {
        "p50": 14872.933870499992,
        "p95": 14896.790627600114,
        "p99": 14903.012756720065
      },
      "num_output_tokens": 512,
      "num_input_tokens": 128,
      "batch_size": 4,
      "peak_gpu_mem_mb": 15341.27783203125
    },
    "short-long_bs8": {
      "ttft_ms": {
        "p50": 89.50201800007562,
        "p95": 90.39046830010875,
        "p99": 90.51499446015214
      },
      "output_tps": {
        "p50": 34.42872006236655,
        "p95": 34.66731227310019,
        "p99": 34.706034630149354
      },
      "total_tps": 275.4297604989324,
      "e2e_ms": {
        "p50": 14931.762931499861,
        "p95": 14944.882797649983,
        "p99": 14945.006321930065
      },
      "num_output_tokens": 512,
      "num_input_tokens": 128,
      "batch_size": 8,
      "peak_gpu_mem_mb": 15518.93603515625
    },
    "long-short_bs1": {
      "ttft_ms": {
        "p50": 303.1730725000443,
        "p95": 303.75679499994703,
        "p99": 303.7627061998887
      },
      "output_tps": {
        "p50": 35.607207299133826,
        "p95": 35.66252668818413,
        "p99": 35.672457147256985
      },
      "total_tps": 35.607207299133826,
      "e2e_ms": {
        "p50": 3869.8667569999543,
        "p95": 3879.8164300499707,
        "p99": 3880.5298892099586
      },
      "num_output_tokens": 128,
      "num_input_tokens": 2048,
      "batch_size": 1,
      "peak_gpu_mem_mb": 16487.56201171875
    },
    "long-short_bs2": {
      "ttft_ms": {
        "p50": 613.3764324997628,
        "p95": 613.7428632499223,
        "p99": 613.854900650008
      },
      "output_tps": {
        "p50": 33.65574251589115,
        "p95": 34.24936526776137,
        "p99": 34.256545221728224
      },
      "total_tps": 67.3114850317823,
      "e2e_ms": {
        "p50": 4387.051700500024,
        "p95": 4422.550250550103,
        "p99": 4425.375689310295
      },
      "num_output_tokens": 128,
      "num_input_tokens": 2048,
      "batch_size": 2,
      "peak_gpu_mem_mb": 17812.62451171875
    },
    "long-short_bs4": {
      "ttft_ms": {
        "p50": 1288.1859030001124,
        "p95": 1289.7521684999674,
        "p99": 1289.982536099892
      },
      "output_tps": {
        "p50": 28.178850365447133,
        "p95": 28.195598401580405,
        "p99": 28.200826007634085
      },
      "total_tps": 112.71540146178853,
      "e2e_ms": {
        "p50": 5795.112162499663,
        "p95": 5801.732641050148,
        "p99": 5803.493642610229
      },
      "num_output_tokens": 128,
      "num_input_tokens": 2048,
      "batch_size": 4,
      "peak_gpu_mem_mb": 20462.74951171875
    },
    "long-short_bs8": {
      "ttft_ms": {
        "p50": 2569.476913000017,
        "p95": 2572.339662199738,
        "p99": 2572.4010364396236
      },
      "output_tps": {
        "p50": 20.25407951072588,
        "p95": 20.26397109858702,
        "p99": 20.266539624513456
      },
      "total_tps": 162.03263608580704,
      "e2e_ms": {
        "p50": 8839.818671000103,
        "p95": 8845.999159650022,
        "p99": 8847.621630330092
      },
      "num_output_tokens": 128,
      "num_input_tokens": 2048,
      "batch_size": 8,
      "peak_gpu_mem_mb": 25762.99951171875
    },
    "long-long_bs1": {
      "ttft_ms": {
        "p50": 304.96403350002765,
        "p95": 306.02650549981263,
        "p99": 306.04908829967826
      },
      "output_tps": {
        "p50": 35.3366046536535,
        "p95": 36.03219428042833,
        "p99": 36.0577051806044
      },
      "total_tps": 35.3366046536535,
      "e2e_ms": {
        "p50": 14766.573178500039,
        "p95": 15155.286746100068,
        "p99": 15161.88399161993
      },
      "num_output_tokens": 512,
      "num_input_tokens": 2048,