{
  "metadata": {
    "model": "/home/ubuntu/Isaac-0.2-2B-Preview",
    "dtype": "bfloat16",
    "warmup": 5,
    "iterations": 10,
    "gpu": {
      "gpu_name": "NVIDIA L40S",
      "gpu_count": 1,
      "gpu_memory_gb": 47.665709056
    },
    "framework": "vLLM",
    "timestamp": "2026-05-01 02:03:04"
  },
  "text_benchmarks": {
    "short-short": {
      "input_tokens": 128,
      "target_output_tokens": 128,
      "avg_output_tokens": 128,
      "ttft_ms": {
        "p50": 5.725635930232787,
        "p95": 5.727955108527073,
        "p99": 5.727955108527073
      },
      "tpot_ms": {
        "p50": 5.770719677714935,
        "p95": 5.773057117255633,
        "p99": 5.773057117255633
      },
      "throughput_tok_s": {
        "p50": 173.30585065401496,
        "p95": 173.38756231629444,
        "p99": 173.38756231629444
      },
      "e2e_latency_ms": {
        "p50": 738.6070350000296,
        "p95": 738.9062089999925,
        "p99": 738.9062089999925
      },
      "raw_ttfts": [
        5.727955108527073,
        5.7257079457365085,
        5.725635930232787,
        5.724229116279367,
        5.724252604651145,
        5.722717643411124,
        5.726226426356489,
        5.726308906976418,
        5.725303279069792,
        5.725415837209167
      ],
      "raw_tpots": [
        5.773057117255633,
        5.770792260269867,
        5.770719677714935,
        5.769301786486291,
        5.769325459805879,
        5.76777841225688,
        5.771314823414414,
        5.771397953488043,
        5.770384407251444,
        5.770497851675381
      ],
      "raw_throughputs": [
        173.22902208824354,
        173.29700910685713,
        173.2991887898751,
        173.34177962821394,
        173.34106835349465,
        173.38756231629444,
        173.28131794586687,
        173.27882203606558,
        173.3092578069886,
        173.30585065401496
      ],
      "raw_e2e": [
        738.9062089999925,
        738.6163250000095,
        738.6070350000296,
        738.4255560000383,
        738.4285859999977,
        738.230576000035,
        738.6832089999871,
        738.6938489999579,
        738.5641230000033,
        738.5786429999825
      ]
    },
    "short-long": {
      "input_tokens": 128,
      "target_output_tokens": 512,
      "avg_output_tokens": 512,
      "ttft_ms": {
        "p50": 5.739147309941538,
        "p95": 5.742040413255263,
        "p99": 5.742040413255263
      },
      "tpot_ms": {
        "p50": 5.750378517984477,
        "p95": 5.753277282948521,
        "p99": 5.753277282948521
      },
      "throughput_tok_s": {
        "p50": 173.90271333810932,
        "p95": 173.90904504703894,
        "p99": 173.90904504703894
      },
      "e2e_latency_ms": {
        "p50": 2944.1825700000095,
        "p95": 2945.6667319999497,
        "p99": 2945.6667319999497
      },
      "raw_ttfts": [
        5.739037317738782,
        5.739147309941538,
        5.739028274853798,
        5.740372360623822,
        5.739132317738796,
        5.742040413255263,
        5.7412690487330265,
        5.739214384015546,
        5.738923366471569,
        5.739001226120805
      ],
      "raw_tpots": [
        5.750268310532791,
        5.750378517984477,
        5.750259249951359,
        5.751605966026217,
        5.750363496442785,
        5.753277282948521,
        5.752504408906673,
        5.7504457233189035,
        5.75015413626897,
        5.750232148285424
      ],
      "raw_throughputs": [
        173.90559200169955,
        173.9022590572562,
        173.905866021654,
        173.8651466422899,
        173.90271333810932,
        173.81463912327226,
        173.8379918776767,
        173.900226665327,
        173.90904504703894,
        173.90668566485508
      ],
      "raw_e2e": [
        2944.126143999995,
        2944.1825700000095,
        2944.1215049999983,
        2944.811021000021,
        2944.174879000002,
        2945.6667319999497,
        2945.2710220000426,
        2944.2169789999753,
        2944.067686999915,
        2944.107628999973
      ]
    },
    "long-short": {
      "input_tokens": 2048,
      "target_output_tokens": 128,
      "avg_output_tokens": 128,
      "ttft_ms": {
        "p50": 6.052418666666749,
        "p95": 6.054631875969768,
        "p99": 6.054631875969768
      },
      "tpot_ms": {
        "p50": 6.100075506561763,
        "p95": 6.102306142709688,
        "p99": 6.102306142709688
      },
      "throughput_tok_s": {
        "p50": 163.94669556515132,
        "p95": 164.06837099200277,
        "p99": 164.06837099200277
      },
      "e2e_latency_ms": {
        "p50": 780.7620080000106,
        "p95": 781.0475120001001,
        "p99": 781.0475120001001
      },
      "raw_ttfts": [
        6.054631875969768,
        6.052931550387207,
        6.052418666666749,
        6.0518397131778165,
        6.053834852713224,
        6.052260209301938,
        6.053383906977044,
        6.051427062015693,
        6.047771767441205,
        6.0498680697673635
      ],
      "raw_tpots": [
        6.102306142709688,
        6.100592428736713,
        6.100075506561763,
        6.099491994383941,
        6.10150284367947,
        6.099915801501166,
        6.101048347189462,
        6.099076094000069,
        6.095392017578537,
        6.097504826222225
      ],
      "raw_throughputs": [
        163.88247582047683,
        163.9285119541835,
        163.94240330402738,
        163.9580869689748,
        163.90405192021308,
        163.94669556515132,
        163.91626192283178,
        163.96926738880532,
        164.06837099200277,
        164.01152067662508
      ],
      "raw_e2e": [
        781.0475120001001,
        780.8281699999498,
        780.7620080000106,
        780.6873229999383,
        780.9446960000059,
        780.74156699995,
        780.8865240000387,
        780.6340910000245,
        780.1625579999154,
        780.4329809999899
      ]
    },
    "long-long": {
      "input_tokens": 2048,
      "target_output_tokens": 512,
      "avg_output_tokens": 512,
      "ttft_ms": {
        "p50": 6.079098984405498,
        "p95": 6.080241068226007,
        "p99": 6.080241068226007
      },
      "tpot_ms": {
        "p50": 6.090995459913141,
        "p95": 6.092139778731342,
        "p99": 6.092139778731342
      },
      "throughput_tok_s": {
        "p50": 164.1837129551535,
        "p95": 164.20382107301052,
        "p99": 164.20382107301052
      },
      "e2e_latency_ms": {
        "p50": 3118.57777900002,
        "p95": 3119.163667999942,
        "p99": 3119.163667999942
      },
      "raw_ttfts": [
        6.0786242748539125,
        6.078865341130544,
        6.079913033138502,
        6.0791121345028465,
        6.078488198830433,
        6.079595109161773,
        6.078705553606205,
        6.080241068226007,
        6.079098984405498,
        6.078120933723229
      ],
      "raw_tpots": [
        6.090519821380045,
        6.090761359410643,
        6.091811101696503,
        6.091008635744536,
        6.090383479062978,
        6.091492555559351,
        6.090601259190561,
        6.092139778731342,
        6.090995459913141,
        6.090015495237364
      ],
      "raw_throughputs": [
        164.19022415811258,
        164.1837129551535,
        164.15542078009074,
        164.17704759822297,
        164.19389980114536,
        164.16400505967496,
        164.18802876035227,
        164.14656443094012,
        164.1774027403524,
        164.20382107301052
      ],
      "raw_e2e": [
        3118.3342530000573,
        3118.457919999969,
        3118.9953860000514,
        3118.58452499996,
        3118.264446000012,
        3118.8322909999897,
        3118.375948999983,
        3119.163667999942,
        3118.57777900002,
        3118.076039000016
      ]
    }
  },
  "image_text_benchmark": null
}