{
  "metadata": {
    "model": "/home/ubuntu/Isaac-0.2-2B-Preview",
    "dtype": "bfloat16",
    "warmup": 3,
    "iterations": 10,
    "gpu": {
      "gpu_name": "NVIDIA L40S",
      "gpu_count": 1,
      "gpu_memory_gb": 47.665709056
    },
    "framework": "vLLM",
    "timestamp": "2026-04-30 23:58:56"
  },
  "text_benchmarks": {
    "short-short": {
      "input_tokens": 128,
      "target_output_tokens": 128,
      "avg_output_tokens": 128,
      "ttft_ms": {
        "p50": 19.06434935658616,
        "p95": 19.159007379845956,
        "p99": 19.159007379845956
      },
      "tpot_ms": {
        "p50": 19.214462343645895,
        "p95": 19.309865705671513,
        "p99": 19.309865705671513
      },
      "throughput_tok_s": {
        "p50": 52.111563504852136,
        "p95": 52.4308487365095,
        "p99": 52.4308487365095
      },
      "e2e_latency_ms": {
        "p50": 2459.3010669996147,
        "p95": 2471.511952000128,
        "p99": 2471.511952000128
      },
      "raw_ttfts": [
        19.134557860465165,
        18.95624090697621,
        19.04084228682018,
        19.159007379845956,
        19.06434935658616,
        18.92489032557975,
        18.974806449611865,
        18.994833418603303,
        19.134612945735586,
        19.081987286825083
      ],
      "raw_tpots": [
        19.28522367039009,
        19.105502646401217,
        19.19077017884239,
        19.309865705671513,
        19.214462343645895,
        19.073905210033136,
        19.12421437441196,
        19.14439903607262,
        19.285279189402793,
        19.23223915522528
      ],
      "raw_throughputs": [
        51.85633602047506,
        52.344136523942375,
        52.111563504852136,
        51.79016022820082,
        52.04730795980257,
        52.4308487365095,
        52.292921387654026,
        52.23778698915614,
        51.85618673497339,
        51.99919940731692
      ],
      "raw_e2e": [
        2468.357964000006,
        2445.355076999931,
        2456.2686549998034,
        2471.511952000128,
        2459.3010669996147,
        2441.3108519997877,
        2447.750031999931,
        2450.333510999826,
        2468.3650699998907,
        2461.5763600004357
      ]
    },
    "short-long": {
      "input_tokens": 128,
      "target_output_tokens": 512,
      "avg_output_tokens": 512,
      "ttft_ms": {
        "p50": 19.167932986354458,
        "p95": 19.304472397660874,
        "p99": 19.304472397660874
      },
      "tpot_ms": {
        "p50": 19.20544361842169,
        "p95": 19.34225023014162,
        "p99": 19.34225023014162
      },
      "throughput_tok_s": {
        "p50": 52.08471155104824,
        "p95": 52.31039842991566,
        "p99": 52.31039842991566
      },
      "e2e_latency_ms": {
        "p50": 9833.149621999837,
        "p95": 9903.194340000027,
        "p99": 9903.194340000027
      },
      "raw_ttfts": [
        19.149545922026515,
        19.154084783625784,
        19.079393623781613,
        19.304472397660874,
        19.128157840155982,
        19.167932986354458,
        19.30040840350869,
        19.16206603703697,
        19.1952487738788,
        19.190827395711583
      ],
      "raw_tpots": [
        19.187020571580383,
        19.191568315491978,
        19.116730988994494,
        19.34225023014162,
        19.165590634363724,
        19.20544361842169,
        19.33817828296761,
        19.19956518779438,
        19.232812861498914,
        19.22838283092824
      ],
      "raw_throughputs": [
        52.118764921376744,
        52.10641456042892,
        52.31039842991566,
        51.700490005732696,
        52.17704133358772,
        52.068769385395655,
        51.71137632920603,
        52.08471155104824,
        51.99467295362026,
        52.00665201565175
      ],
      "raw_e2e": [
        9823.717057999602,
        9826.045494000027,
        9787.728928999968,
        9903.194340000027,
        9812.744972000019,
        9833.149621999837,
        9901.109510999959,
        9830.139876999965,
        9847.162620999825,
        9844.894454000041
      ]
    },
    "long-short": {
      "input_tokens": 2048,
      "target_output_tokens": 128,
      "avg_output_tokens": 128,
      "ttft_ms": {
        "p50": 19.115729790696218,
        "p95": 19.338670658916545,
        "p99": 19.338670658916545
      },
      "tpot_ms": {
        "p50": 19.266247348103274,
        "p95": 19.490943656230847,
        "p99": 19.490943656230847
      },
      "throughput_tok_s": {
        "p50": 51.944057062170465,
        "p95": 52.34919655400234,
        "p99": 52.34919655400234
      },
      "e2e_latency_ms": {
        "p50": 2465.929142999812,
        "p95": 2494.6885150002345,
        "p99": 2494.6885150002345
      },
      "raw_ttfts": [
        19.338670658916545,
        19.115729790696218,
        19.068664984494063,
        19.08146633333263,
        19.026834976744272,
        19.26508762015555,
        19.200086821703113,
        19.130784480620246,
        19.102244186046317,
        18.954408612401938
      ],
      "raw_tpots": [
        19.490943656230847,
        19.266247348103274,
        19.218811952875907,
        19.231714099736823,
        19.176652574986353,
        19.416781223463865,
        19.351268607700778,
        19.28142057889285,
        19.25265555758999,
        19.103655924310615
      ],
      "raw_throughputs": [
        51.309010816521905,
        51.9074120046643,
        52.03552859218847,
        52.00061906574687,
        52.149927364603116,
        51.50498568080181,
        51.67935287114957,
        51.86656422901346,
        51.944057062170465,
        52.34919655400234
      ],
      "raw_e2e": [
        2494.6885150002345,
        2465.929142999812,
        2459.857782999734,
        2461.5091569999095,
        2454.461712000011,
        2485.196303000066,
        2476.811199999702,
        2467.8711980000116,
        2464.189499999975,
        2445.11871099985
      ]
    },
    "long-long": {
      "input_tokens": 2048,
      "target_output_tokens": 512,
      "avg_output_tokens": 512,
      "ttft_ms": {
        "p50": 19.209985746588767,
        "p95": 19.271309107212804,
        "p99": 19.271309107212804
      },
      "tpot_ms": {
        "p50": 19.24757867368581,
        "p95": 19.30902204088641,
        "p99": 19.30902204088641
      },
      "throughput_tok_s": {
        "p50": 52.0094867981597,
        "p95": 52.37142566694972,
        "p99": 52.37142566694972
      },
      "e2e_latency_ms": {
        "p50": 9854.722688000038,
        "p95": 9886.181572000169,
        "p99": 9886.181572000169
      },
      "raw_ttfts": [
        19.089241058479594,
        19.209985746588767,
        19.223091471734445,
        19.271309107212804,
        19.18113239961044,
        19.220280348927403,
        19.24512555165671,
        19.189781397660774,
        19.05716083820596,
        19.10911550877275
      ],
      "raw_tpots": [
        19.126597694601863,
        19.24757867368581,
        19.260710046043123,
        19.30902204088641,
        19.21866886223199,
        19.25789342201728,
        19.282787245495566,
        19.227334785914515,
        19.094454695032194,
        19.146511038144126
      ],
      "raw_throughputs": [
        52.28341342663629,
        51.95478515326012,
        51.91936394459435,
        51.78945948657226,
        52.03293848706651,
        51.926957575148236,
        51.85992055922399,
        52.0094867981597,
        52.37142566694972,
        52.22903602225945
      ],
      "raw_e2e": [
        9792.78066300003,
        9854.722688000038,
        9861.44592499977,
        9886.181572000169,
        9839.920921000157,
        9860.003818999758,
        9872.74940799989,
        9844.357856999977,
        9776.323509999656,
        9802.97625600042
      ]
    }
  },
  "image_text_benchmark": null
}